Period_years,Power
20.0,0.7197293962519957
19.82142857142857,0.7196692589335797
19.646017699115045,0.7196264414145845
19.473684210526315,0.7196016022837767
19.304347826086957,0.7195953957081469
19.13793103448276,0.7196084688287449
18.974358974358974,0.7196414589247577
18.813559322033896,0.7196949903372016
18.655462184873947,0.7197696711444126
18.5,0.7198660895825929
18.34710743801653,0.7199848102058529
18.196721311475407,0.7201263697822384
18.04878048780488,0.7202912729236949
17.903225806451612,0.7204799874503275
17.759999999999998,0.7206929394916131
17.61904761904762,0.7209305083303456
17.480314960629922,0.7211930209979767
17.34375,0.7214807466334536
17.209302325581397,0.7217938906217143
17.076923076923077,0.7221325885319277
16.946564885496183,0.7224968998800732
16.81818181818182,0.7228868017450663
16.69172932330827,0.7233021822726732
16.567164179104477,0.7237428341066787
16.444444444444446,0.7242084477918999
16.323529411764707,0.7246986051988707
16.204379562043794,0.7252127730257467
16.086956521739133,0.7257502964377511
15.971223021582734,0.7263103929097636
15.857142857142858,0.7268921463418916
15.744680851063832,0.727494501522569
15.633802816901408,0.7281162590167809
15.524475524475525,0.7287560705598253
15.416666666666666,0.729412435039158
15.310344827586205,0.7300836951473839
15.205479452054794,0.73076803478912
15.10204081632653,0.7314634773226508
14.999999999999998,0.7321678847144166
14.899328859060402,0.7328789576790118
14.799999999999999,0.733594236871921
14.701986754966887,0.7343111051931871
14.605263157894736,0.735026791251615
14.509803921568627,0.7357383740271094
14.415584415584414,0.7364427887563958
14.32258064516129,0.7371368340530733
14.23076923076923,0.7378171802577681
14.140127388535031,0.7384803789978096
14.050632911392405,0.739122873918657
13.962264150943396,0.7397410125323007
13.875,0.7403310591101796
13.788819875776397,0.7408892085311354
13.703703703703704,0.7414116009784667
13.61963190184049,0.7418943373652964
13.536585365853659,0.7423334953529209
13.454545454545455,0.742725145815916
13.373493975903614,0.7430653695969651
13.293413173652695,0.7433502743880422
13.214285714285714,0.7435760115693896
13.136094674556212,0.7437387928362602
13.058823529411764,0.7438349064445023
12.982456140350877,0.743860732910361
12.906976744186046,0.7438127600068648
12.832369942196532,0.7436875969087944
12.75862068965517,0.743481987350885
12.685714285714285,0.7431928216783031
12.613636363636365,0.7428171476849804
12.54237288135593,0.7423521801533131
12.47191011235955,0.7417953090283472
12.402234636871507,0.741144106178541
12.333333333333332,0.7403963307164945
12.265193370165745,0.7395499328716731
12.197802197802199,0.7386030564274751
12.131147540983605,0.7375540397528855
12.065217391304348,0.7364014154759606
11.999999999999998,0.7351439088622407
11.935483870967742,0.7337804349744292
11.871657754010695,0.7323100947018555
11.808510638297873,0.7307321697573674
11.746031746031745,0.7290461167472708
11.68421052631579,0.7272515604248676
11.623036649214658,0.7253482862417875
11.5625,0.7233362323125916
11.50259067357513,0.7212154809071613
11.443298969072165,0.7189862495839248
11.384615384615383,0.7166488820727608
11.326530612244898,0.7142038390113794
11.269035532994923,0.7116516886336507
11.212121212121211,0.708993097500532
11.155778894472363,0.7062288213573068
11.100000000000001,0.7033596961927336
11.044776119402984,0.7003866295673538
10.990099009900987,0.6973105922698446
10.935960591133004,0.6941326103518236
10.882352941176471,0.690853757584044
10.829268292682928,0.6874751483681406
10.776699029126215,0.6839979311313468
10.72463768115942,0.6804232822243498
10.673076923076922,0.6767524003359588
10.62200956937799,0.6729865014324362
10.571428571428571,0.6691268142238019
10.52132701421801,0.6651745761550271
10.471698113207548,0.6611310299152072
10.422535211267606,0.6569974204546914
10.373831775700934,0.6527749924968709
10.325581395348836,0.6484649885284385
10.277777777777777,0.6440686472501115
10.23041474654378,0.6395872024681456
10.18348623853211,0.6350218824050908
10.136986301369863,0.6303739094079124
10.09090909090909,0.6256445000306697
10.04524886877828,0.6208348654683281
10.0,0.615946212318725
9.955156950672647,0.610979743648905
9.910714285714285,0.6059366603432327
9.866666666666667,0.6008181627099118
9.823008849557521,0.5956254523242338
9.779735682819382,0.5903597340862272
9.736842105263158,0.5850222184716847
9.694323144104803,0.5796141239560371
9.652173913043478,0.5741366795906185
9.61038961038961,0.5685911277125468
9.568965517241379,0.5629787267690282
9.527896995708154,0.5573007542375072
9.487179487179487,0.5515585096250475
9.446808510638299,0.5457533175287499
9.406779661016948,0.5398865307407964
9.367088607594935,0.5339595333824672
9.327731092436974,0.5279737440499427
9.288702928870293,0.5219306189576409
9.25,0.515831655062997
9.211618257261412,0.5096783931576253
9.173553719008265,0.5034724209102152
9.1358024691358,0.4972153758464305
9.098360655737704,0.49090894825074305
9.061224489795919,0.48455488397630325
9.02439024390244,0.4781549871475612
8.987854251012145,0.4717111227421419
8.951612903225806,0.46522521903685315
8.915662650602409,0.4586992699036021
8.879999999999999,0.45213533694132946
8.844621513944222,0.44553555142964285
8.80952380952381,0.4389021160892475
8.774703557312252,0.4322373066364589
8.740157480314961,0.4255434731174194
8.705882352941176,0.4188230410073971
8.671875,0.4120785120643052
8.638132295719844,0.40531246492070744
8.604651162790699,0.39852755540358575
8.571428571428571,0.3917265165694413
8.538461538461538,0.38491215844262794
8.50574712643678,0.3780873674468024
8.473282442748092,0.3712551055196604
8.44106463878327,0.36441840890055566
8.40909090909091,0.3575803865846423
8.377358490566037,0.35074421843520964
8.345864661654135,0.34391315294847663
8.314606741573034,0.3370905046674496
8.283582089552239,0.33027965123981434
8.25278810408922,0.3234840301201871
8.222222222222223,0.31670713491602154
8.191881918819188,0.30995251137813684
8.161764705882351,0.3032237530410782
8.131868131868131,0.29652449651787116
8.102189781021897,0.2898584164563717
8.072727272727272,0.28322922016768914
8.043478260869566,0.27664064193714055
8.014440433212997,0.27009643703250474
7.985611510791366,0.26360037542452136
7.956989247311827,0.25715623523761244
7.928571428571429,0.250767795951432
7.900355871886121,0.24443883137458536
7.872340425531914,0.23817310241444098
7.84452296819788,0.23197434966969166
7.816901408450703,0.22584628587260605
7.789473684210526,0.21979258821023165
7.7622377622377625,0.2138168905563601
7.735191637630662,0.2079227756452542
7.708333333333333,0.2021137672213166
7.681660899653979,0.19639332219901517
7.655172413793102,0.19076482286795096
7.628865979381443,0.1852315691786693
7.602739726027397,0.17979677114593706
7.576791808873719,0.17446354140430356
7.551020408163265,0.1692348879529578
7.52542372881356,0.1641137071241596
7.499999999999999,0.15910277681068433
7.474747474747474,0.15420474998560185
7.449664429530201,0.14942214854599534
7.424749163879598,0.14475735751265792
7.3999999999999995,0.14021261961418044
7.3754152823920265,0.13579003028199865
7.3509933774834435,0.13149153308230077
7.326732673267326,0.12731891560697284
7.302631578947368,0.12327380584254344
7.278688524590163,0.11935766903605058
7.254901960784314,0.1155718050706415
7.231270358306189,0.11191734636343949
7.207792207792207,0.10839525629342114
7.184466019417475,0.10500632816491519
7.161290322580645,0.10175118470923346
7.138263665594855,0.09863027812319618
7.115384615384615,0.09564389064103525
7.092651757188499,0.0927921356329116
7.070063694267516,0.09007495922034826
7.0476190476190474,0.08749214239584681
7.025316455696203,0.08504330363238899
7.003154574132492,0.08272790196435331
6.981132075471698,0.08054524052089203
6.959247648902821,0.07849447048936163
6.9375,0.07657459548515216
6.91588785046729,0.07478447630234111
6.894409937888198,0.07312283601842252
6.873065015479876,0.07158826542477977
6.851851851851852,0.07017922875364768
6.8307692307692305,0.06889406967184898
6.809815950920245,0.06773101751076294
6.7889908256880735,0.06668819370157664
6.768292682926829,0.06576361838519064
6.747720364741641,0.06495521716587145
6.7272727272727275,0.06426082797830247
6.706948640483383,0.0636782080379708
6.686746987951807,0.0632050408458098
6.666666666666667,0.06283894321856191
6.646706586826347,0.06257747231741119
6.626865671641791,0.062418132648610125
6.607142857142857,0.06235838301097707
6.58753709198813,0.06239564336636261
6.568047337278106,0.06252730161075286
6.548672566371682,0.06275072022507593
6.529411764705882,0.06306324278597601
6.510263929618768,0.06346220031901541
6.491228070175438,0.06394491747751113
6.4723032069970845,0.06450871853232075
6.453488372093023,0.06515093315919344
6.434782608695652,0.06586890201193503
6.416184971098265,0.06665998207086371
6.397694524495677,0.06752155175789555
6.379310344827586,0.06845101581050933
6.361031518624642,0.06944580990847891
6.3428571428571425,0.07050340504857472
6.3247863247863245,0.07162131166327712
6.306818181818182,0.07279708348104869
6.288951841359773,0.07402832112660435
6.271186440677965,0.07531267546059821
6.253521126760563,0.07664785065895081
6.235955056179775,0.07803160703320859
6.218487394957983,0.0794617635934685
6.201117318435753,0.08093620035683557
6.183844011142062,0.08245286040414938
6.166666666666666,0.08400975168915269
6.149584487534626,0.08560494860373036
6.132596685082873,0.08723659330418733
6.115702479338842,0.08890289680316726
6.098901098901099,0.09060213983270032
6.082191780821917,0.09233267348336764
6.0655737704918025,0.09409291962572097
6.049046321525886,0.0958813711191099
6.032608695652174,0.0976965918143934
6.016260162601626,0.09953721635607911
5.999999999999999,0.10140194979027406
5.983827493261456,0.10328956698398233
5.967741935483871,0.10519891186260971
5.951742627345844,0.1071288964711026
5.935828877005347,0.10907849986520714
5.919999999999999,0.11104676683907452
5.904255319148937,0.11303280649526831
5.888594164456233,0.11503579066279251
5.873015873015873,0.1170549521707425
5.857519788918205,0.1190895829818539
5.842105263157895,0.12113903219421165
5.826771653543307,0.12320270391552085
5.811518324607329,0.1252800550184578
5.7963446475195815,0.1273705927811897
5.78125,0.12947387242178113
5.766233766233766,0.13158949453187052
5.751295336787565,0.13371710241719753
5.736434108527131,0.13585637935107547
5.721649484536083,0.13800704574969277
5.706940874035989,0.14016885627489667
5.692307692307692,0.1423415968724473
5.67774936061381,0.14452508175489245
5.663265306122448,0.14671915033479294
5.648854961832061,0.14892366411868999
5.634517766497462,0.15113850356862996
5.620253164556962,0.15336356494157932
5.6060606060606055,0.15559875711339755
5.591939546599496,0.1578439983990523
5.577889447236181,0.1600992133761728
5.563909774436089,0.16236432972251705
5.550000000000001,0.16463927507676124
5.536159600997506,0.16692397393235311
5.522388059701492,0.16921834457348459
5.508684863523573,0.17152229606457703
5.495049504950494,0.17383572530124772
5.481481481481482,0.17615851413390554
5.467980295566502,0.17849052657274683
5.454545454545454,0.18083160608484122
5.4411764705882355,0.1831815729913068
5.427872860635697,0.18554022197455347
5.414634146341464,0.18790731970425473
5.401459854014598,0.19028260259066956
5.3883495145631075,0.19266577467212787
5.375302663438256,0.1950565056467059
5.36231884057971,0.19745442905233515
5.349397590361446,0.19985914060382273
5.336538461538461,0.2022701966917742
5.323741007194245,0.20468711304875753
5.311004784688995,0.2071093635867439
5.298329355608591,0.20953637941049255
5.285714285714286,0.21196754800884926
5.2731591448931106,0.21440221262616244
5.260663507109005,0.21683967181609845
5.248226950354609,0.21927917917677614
5.235849056603773,0.2217199432676374
5.223529411764706,0.22416112770733182
5.211267605633803,0.2266018514491026
5.1990632318501175,0.2290411892317951
5.186915887850467,0.2314781722024404
5.174825174825175,0.2339117887060969
5.162790697674418,0.23634098523722055
5.150812064965197,0.23876466754672132
5.138888888888888,0.24118170189874322
5.127020785219399,0.24359091646900155
5.11520737327189,0.24599110287727535
5.1034482758620685,0.24838101784642364
5.091743119266055,0.250759384978221
5.080091533180778,0.25312489663724086
5.068493150684931,0.2554762159347321
5.056947608200455,0.2578119788009035
5.045454545454545,0.26013079613726303
5.034013605442177,0.26243125603971634
5.02262443438914,0.2647119260813402
5.011286681715576,0.2669713556457638
5.0,0.26920807830264715
4.988764044943819,0.2714206142140467
4.9775784753363235,0.27360747256375706
4.966442953020134,0.2757671540013443
4.955357142857142,0.27789815309093097
4.944320712694878,0.2799989607582114
4.933333333333333,0.2820680667267521
4.92239467849224,0.284103961938519
4.9115044247787605,0.2861051409494532
4.900662251655628,0.2880701042960209
4.889867841409691,0.28999736082699107
4.879120879120879,0.29188542999450723
4.868421052631579,0.2937328441009605
4.857768052516411,0.29553815049797283
4.847161572052402,0.29729991373398285
4.836601307189542,0.2990167176469083
4.826086956521739,0.30068716740220874
4.815618221258134,0.30230989147198223
4.805194805194804,0.30388354355582153
4.794816414686825,0.30540680444232887
4.7844827586206895,0.306878383811593
4.774193548387096,0.3082970219773414
4.763948497854077,0.309661491572417
4.7537473233404715,0.3109705991755532
4.743589743589744,0.3122231868828949
4.733475479744136,0.3134181338252631
4.723404255319148,0.3145543576331041
4.713375796178344,0.3156308158512395
4.703389830508474,0.3166465073057161
4.693446088794926,0.31760047342560455
4.6835443037974684,0.31849179952187007
4.673684210526315,0.3193196160254146
4.663865546218487,0.3200830996886195
4.654088050314465,0.32078147475047075
4.644351464435147,0.3214140140701509
4.634655532359082,0.3219800402296593
4.625,0.3224789266091704
4.615384615384615,0.3229100984357027
4.605809128630705,0.32327303380907774
4.596273291925465,0.3235672647042705
4.586776859504132,0.32379237795409743
4.577319587628866,0.32394801621164415
4.567901234567901,0.3240338788937742
4.558521560574948,0.3240497231069228
4.549180327868852,0.32399536455423406
4.5398773006134965,0.3238706784250222
4.530612244897959,0.3236756002643453
4.521384928716905,0.32341012682462694
4.51219512195122,0.323074316894239
4.503042596348884,0.32266829210489995
4.493927125506072,0.32219223771303107
4.484848484848484,0.3216464033548966
4.475806451612903,0.3210311037699995
4.466800804828974,0.32034671949205695
4.457831325301204,0.3195936975018206
4.448897795591182,0.3187725518386694
4.4399999999999995,0.3178838641658373
4.431137724550898,0.3169282842857167
4.422310756972111,0.3159065305977713
4.41351888667992,0.31481939049633667
4.404761904761904,0.3136677207002415
4.3960396039603955,0.31245244750954915
4.387351778656126,0.3111745669823712
4.378698224852071,0.3098351450266403
4.3700787401574805,0.30843531739750535
4.361493123772102,0.3069762895977679
4.352941176470588,0.30545933667015207
4.344422700587084,0.30388580287838995
4.3359375,0.30225710126696453
4.327485380116959,0.30057471309676975
4.319066147859922,0.29884018714602484
4.310679611650485,0.297055138873474
4.3023255813953485,0.2952212494356345
4.294003868471953,0.2933402645540972
4.285714285714286,0.29141399322585493
4.277456647398844,0.28944430627282686
4.269230769230769,0.28743313472670856
4.2610364683301345,0.28538246804321643
4.25287356321839,0.28329435214569637
4.244741873804971,0.281170887292303
4.236641221374046,0.27901422576805285
4.228571428571429,0.27682656939825034
4.220532319391635,0.27461016688574336
4.212523719165085,0.2723673109700005
4.204545454545454,0.270100335413193
4.196597353497165,0.26781161181265306
4.188679245283018,0.2655035462464723
4.1807909604519775,0.26317857575434284
4.172932330827067,0.2608391646626072
4.165103189493433,0.2584878007570857
4.157303370786517,0.25612699131451516
4.149532710280374,0.2537592589999618
4.141791044776119,0.2513871376413212
4.134078212290503,0.2490131678903721
4.12639405204461,0.24663989278527615
4.11873840445269,0.24426985322399036
4.111111111111111,0.24190558336530169
4.10351201478743,0.23954960597042035
4.095940959409594,0.23720442770165592
4.088397790055248,0.2348725343923057
4.080882352941177,0.23255638630735043
4.073394495412844,0.23025841340826472
4.065934065934066,0.22798101064260112
4.058500914076782,0.22572653327360714
4.0510948905109485,0.22349729226930032
4.043715846994536,0.2212955497674929
4.036363636363636,0.21912351463459911
4.029038112522685,0.21698333813744056
4.021739130434782,0.21487710974202157
4.014466546112115,0.21280685305870253
4.007220216606498,0.21077452194848706
4.0,0.20878199680651383
3.9928057553956835,0.2068310810360391
3.9856373429084377,0.204923497729186
3.9784946236559136,0.20306088656421628
3.9713774597495526,0.20124480093343372
3.9642857142857144,0.1994767053107199
3.9572192513368982,0.19775797286942373
3.95017793594306,0.1960898833567847
3.9431616341030193,0.1944736212342753
3.936170212765957,0.1929102740865413
3.9292035398230087,0.19140083130516278
3.92226148409894,0.1899461830484668
3.9153439153439153,0.18854711948008088
3.9084507042253516,0.1872043302843034
3.9015817223198592,0.1859184044593792
3.894736842105263,0.18468983038319914
3.8879159369527145,0.18351899615008793
3.8811188811188813,0.18240619017104662
3.8743455497382198,0.181351602033402
3.8675958188153308,0.18035532361041312
3.860869565217391,0.17941735041391593
3.8541666666666665,0.17853758317962437
3.847487001733102,0.17771582967563135
3.8408304498269894,0.1769518067221064
3.8341968911917097,0.17624514241231082
3.827586206896551,0.175595378520273
3.8209982788296037,0.17500197308495352
3.8144329896907214,0.17446430315640493
3.8078902229845624,0.17398166769062726
3.8013698630136985,0.1735532905805278
3.794871794871795,0.1731783238085084
3.7883959044368596,0.17285585070739073
3.7819420783645654,0.1725848893162828
3.7755102040816326,0.17236439581801818
3.769100169779287,0.17219326804475665
3.76271186440678,0.1720703490393479
3.7563451776649748,0.17199443065926304
3.7499999999999996,0.17196425721227843
3.743676222596964,0.17197852911036646
3.737373737373737,0.17203590653283168
3.73109243697479,0.1721350130865226
3.7248322147651005,0.17227443945399928
3.7185929648241203,0.17245274701929783
3.712374581939799,0.17266847146438813
3.706176961602671,0.17292012632500975
3.6999999999999997,0.17320620650171087
3.693843594009983,0.17352519171679415
3.6877076411960132,0.17387554991194834
3.6815920398009947,0.1742557405799924
3.6754966887417218,0.17466421802702117
3.6694214876033056,0.17509943455860882
3.663366336633663,0.1755598435872226
3.657331136738056,0.17604390265741973
3.651315789473684,0.1765500763852644
3.6453201970443345,0.17707683930969584
3.6393442622950816,0.17762267865398132
3.6333878887070377,0.17818609699548357
3.627450980392157,0.1787656148424121
3.6215334420880914,0.17935977311629178
3.6156351791530943,0.1799671355403924
3.6097560975609753,0.180586290932957
3.6038961038961035,0.18121585540510815
3.59805510534846,0.18185447446401637
3.5922330097087376,0.18250082502127313
3.5864297253634896,0.18315361730598254
3.5806451612903225,0.18381159668461866
3.57487922705314,0.1844735453868583
3.5691318327974275,0.18513828413804923
3.5634028892455856,0.18580467369962753
3.5576923076923075,0.1864716163169426
3.552,0.1871380570755222
3.546325878594249,0.1878029851661792
3.54066985645933,0.18846543505906163
3.535031847133758,0.18912448758691353
3.5294117647058822,0.1897792709376957
3.5238095238095237,0.1904289615563298
3.5182250396196513,0.19107278495603902
3.512658227848101,0.19171001643744526
3.5071090047393363,0.1923399817170759
3.501577287066246,0.19296205746292197
3.4960629921259843,0.19357567173720083
3.490566037735849,0.19418030434513894
3.4850863422291996,0.1947754870888324
3.4796238244514104,0.19536080392534452
3.474178403755868,0.19593589102697156
3.46875,0.19650043674356715
3.4633385335413416,0.19705418146469922
3.457943925233645,0.1975969173805196
3.452566096423017,0.19812848813985773
3.447204968944099,0.19864878840468395
3.441860465116279,0.19915776329802753
3.436532507739938,0.19965540774622353
3.4312210200927358,0.20014176571253184
3.425925925925926,0.20061692932195707
3.420647149460709,0.2010810378760277
3.4153846153846152,0.20153427675697813
3.410138248847926,0.20197687622107358
3.4049079754601226,0.2024091100802159
3.3996937212863707,0.20283129427293467
3.3944954128440368,0.2032437853245591
3.389312977099236,0.20364697869759527
3.3841463414634143,0.20404130703368176
3.378995433789954,0.20442723828868825
3.3738601823708203,0.20480527376333285
3.368740515933232,0.20517594603146078
3.3636363636363638,0.20553981676990607
3.358547655068078,0.20589747449288773
3.3534743202416917,0.20624953219558875
3.34841628959276,0.2065966249114898
3.3433734939759034,0.20693940718883308
3.338345864661654,0.2072785504918147
3.3333333333333335,0.20761474053335865
3.328335832083958,0.2079486745457844
3.3233532934131733,0.20828105849721135
3.318385650224215,0.20861260426129882
3.3134328358208953,0.20894402674882814
3.30849478390462,0.2092760410096626
3.3035714285714284,0.20960935931431038
3.2986627043090637,0.2099446882246624
3.293768545994065,0.2102827256632405
3.2888888888888888,0.21062415799130538
3.284023668639053,0.2109696571057328
3.27917282127031,0.21131987756503173
3.274336283185841,0.21167545375405875
3.269513991163475,0.21203699709930393
3.264705882352941,0.2124050933429017
3.2599118942731278,0.21278029988684272
3.255131964809384,0.21316314321662894
3.2503660322108345,0.213554116413688
3.245614035087719,0.21395367676610968
3.2408759124087587,0.21436224348629468
3.2361516034985423,0.21478019554343514
3.2314410480349345,0.21520786961913116
3.2267441860465116,0.2156455581928422
3.2220609579100143,0.21609350776403943
3.2173913043478257,0.21655191721647377
3.21273516642547,0.21702093633020428
3.2080924855491326,0.21750066444573074
3.2034632034632033,0.21799114928342733
3.1988472622478383,0.21849238592189865
3.194244604316547,0.2190043159370801
3.1896551724137927,0.219526826703254
3.185078909612625,0.2200597508566692
3.180515759312321,0.22060286592274905
3.1759656652360513,0.22115589410343894
3.1714285714285713,0.221718502225886
3.166904422253923,0.22229030184860757
3.1623931623931623,0.2228708495223577
3.157894736842105,0.22345964720271055
3.153409090909091,0.2240561428099178
3.148936170212766,0.22465973093136613
3.1444759206798865,0.22526975366191282
3.14002828854314,0.22588550157656076
3.1355932203389827,0.22650621482931269
3.1311706629055007,0.22713108437286145
3.1267605633802815,0.22775925329197277
3.122362869198312,0.2283898182449453
3.1179775280898876,0.2290218310056489
3.1136044880785416,0.2296543001002448
3.1092436974789917,0.23028619253160557
3.1048951048951046,0.23091643558455854
3.1005586592178767,0.23154391870599528
3.096234309623431,0.23216749545269824
3.091922005571031,0.23278598550186136
3.0876216968011128,0.23339817671641785
3.083333333333333,0.2340028272614644
3.079056865464632,0.23459866776473812
3.074792243767313,0.2351844035168158
3.070539419087137,0.23575871670590615
3.0662983425414363,0.2363202686824586
3.0620689655172413,0.236867702249864
3.057851239669421,0.23739964397732452
3.0536451169188443,0.2379147065306331
3.0494505494505497,0.23841149101921064
3.045267489711934,0.23888858935554136
3.0410958904109586,0.23934458662423433
3.0369357045143635,0.23977806346060498
3.0327868852459012,0.24018759843372434
3.028649386084584,0.24057177043647443
3.024523160762943,0.2409291610772899
3.020408163265306,0.24125835707573412
3.016304347826087,0.24155795265952176
3.0122116689280864,0.24182655196225905
3.008130081300813,0.24206277142372135
3.004059539918809,0.24226524218734014
2.9999999999999996,0.24243261250220777
2.9959514170040484,0.2425635501207714
2.991913746630728,0.24265674469874482
2.987886944818304,0.24271091019477753
2.9838709677419355,0.24272478726722058
2.9798657718120802,0.2426971456718504
2.975871313672922,0.24262678665661502
2.9718875502008033,0.242512545353882
2.9679144385026737,0.24235329316974724
2.9639519359145523,0.24214794016748822
2.9599999999999995,0.24189543744616934
2.956058588548602,0.24159477950902086
2.9521276595744683,0.24124500662439835
2.948207171314741,0.2408452071700873
2.9442970822281165,0.2403945199649825
2.940397350993377,0.23989213657970554
2.9365079365079363,0.23933730362342046
2.9326287978863936,0.23872932500477254
2.9287598944591027,0.23806756415905383
2.9249011857707505,0.23735144623835072
2.921052631578947,0.23658046025693377
2.917214191852825,0.23575416118940265
2.9133858267716537,0.23487217200969251
2.9095674967234597,0.23393418566707877
2.9057591623036645,0.23293996699281455
2.9019607843137254,0.23188935452342752
2.8981723237597907,0.23078226224024523
2.894393741851369,0.22961868120910778
2.890625,0.22839868111584888
2.886866059817945,0.22712241168553832
2.883116883116883,0.22579010397755367
2.879377431906615,0.22440207154536346
2.8756476683937824,0.22295871145145452
2.8719275549805947,0.22146050512902105
2.8682170542635657,0.21990801907771387
2.864516129032258,0.21830190538605784
2.8608247422680413,0.2166429020707969
2.857142857142857,0.21493183322163867
2.8534704370179944,0.21316960894769998
2.849807445442875,0.21135722510976024
2.846153846153846,0.20949576283911522
2.8425096030729837,0.20758638782936178
2.838874680306905,0.20563034939713465
2.835249042145594,0.20362897930812676
2.831632653061224,0.2015836903613593
2.828025477707006,0.19949597472900177
2.8244274809160306,0.19736740204982717
2.820838627700127,0.1951996172763748
2.817258883248731,0.19299433827268903
2.8136882129277563,0.19075335316640213
2.810126582278481,0.18847851746015035
2.806573957016435,0.18617175089944615
2.8030303030303028,0.18383503411223104
2.7994955863808317,0.1814704050185806
2.795969773299748,0.17907995502458043
2.792452830188679,0.17666582500775285
2.7889447236180906,0.17423020110737922
2.7854454203262233,0.17177531032938764
2.7819548872180446,0.16930341598345386
2.778473091364205,0.1668168129664662
2.7750000000000004,0.16431782290570354
2.7715355805243447,0.16180878918490363
2.768079800498753,0.15929207186820668
2.764632627646326,0.15677004253979945
2.761194029850746,0.1542450790848724
2.75776397515528,0.1517195604277058
2.7543424317617866,0.14919586124890358
2.7509293680297398,0.14667634670562016
2.747524752475247,0.14416336717377828
2.7441285537700866,0.14165925303543023
2.740740740740741,0.13916630953038348
2.7373612823674476,0.136686811698545
2.733990147783251,0.1342229994250181
2.730627306273062,0.1317770726171258
2.727272727272727,0.12935118652598956
2.7239263803680984,0.1269474472329088
2.7205882352941178,0.12456790731916838
2.717258261933904,0.12221456173452565
2.7139364303178484,0.11988934387673755
2.7106227106227103,0.11759412190022846
2.707317073170732,0.11533069526146114
2.704019488428745,0.11310079151513286
2.700729927007299,0.11090606336689386
2.697448359659781,0.10874808599322994
2.6941747572815533,0.10662835463097126
2.690909090909091,0.10454828244509842
2.687651331719128,0.10250919867064025
2.684401451027811,0.10051234703761949
2.681159420289855,0.09855888447295277
2.677925211097708,0.09664988007809658
2.674698795180723,0.09478631438187735
2.671480144404332,0.09296907886064407
2.668269230769231,0.09119897572058228
2.6650660264105643,0.08947671793579022
2.661870503597122,0.08780292953342865
2.658682634730539,0.08617814611496805
2.6555023923444976,0.08460281560622035
2.652329749103943,0.08307729922394559
2.6491646778042957,0.08160187264536446
2.646007151370679,0.08017672737222908
2.642857142857143,0.07880197227407162
2.6397146254458974,0.0774776352980826
2.6365795724465557,0.07620366533428834
2.6334519572953736,0.07497993421998635
2.6303317535545023,0.07380623887228432
2.6272189349112427,0.07268230353439266
2.6241134751773045,0.07160778212464387
2.6210153482880756,0.07058226067062878
2.6179245283018866,0.06960525982285475
2.614840989399293,0.06867623743033135
2.611764705882353,0.06779459116810978
2.6086956521739126,0.06695966120705438
2.6056338028169015,0.06617073291374419
2.6025791324736223,0.06542703957086199
2.5995316159250588,0.06472776510932349
2.596491228070175,0.06407204684330169
2.5934579439252334,0.0634589781998021
2.5904317386231037,0.06288761143642536
2.587412587412587,0.06235696034041398
2.5844004656577417,0.06186600290254674
2.581395348837209,0.06141368396301421
2.578397212543554,0.06099891782248881
2.5754060324825985,0.0606205908165169
2.5724217844727693,0.06027756385051387
2.569444444444444,0.059968674891337344
2.566473988439306,0.05969274141738619
2.5635103926097,0.05944856282305498
2.560553633217993,0.05923492277972922
2.5576036866359444,0.05905059155300265
2.5546605293440736,0.05889432827730851
2.5517241379310343,0.058764883190073315
2.5487944890929968,0.058660999826308236
2.5458715596330275,0.058581417178855864
2.5429553264604814,0.058524871824230926
2.540045766590389,0.05849010002062468
2.537142857142857,0.05847583978053724
2.5342465753424657,0.05848083292115811
2.5313568985176738,0.058503827100492026
2.5284738041002277,0.05854357784045859
2.525597269624573,0.058598850544251846
2.5227272727272725,0.05866842251144262
2.5198637911464243,0.05875108495795774
2.517006802721088,0.05884564504365947
2.5141562853907136,0.05895092791461498
2.51131221719457,0.05906577876457838
2.508474576271186,0.05918906491843637
2.505643340857788,0.05931967794560272
2.5028184892897403,0.059456535804348565
2.5,0.05959858502050344
2.49718785151856,0.05974480290628546
2.49438202247191,0.05989419981799607
2.4915824915824913,0.06004582145587487
2.4887892376681613,0.06019875120571461
2.4860022396416572,0.06035211252217114
2.483221476510067,0.06050507135047381
2.4804469273743015,0.060656838585273834
2.477678571428571,0.06080667256010588
2.474916387959866,0.06095388156206836
2.472160356347439,0.0610978263644457
2.4694104560622914,0.06123792276539852
2.466666666666667,0.0613736441235109
2.4639289678135405,0.06150452387520298
2.46119733924612,0.06163015801742786
2.4584717607973423,0.06175020754062015
2.4557522123893802,0.061864400788338846
2.453038674033149,0.06197253572486566
2.450331125827814,0.06207448208299143
2.4476295479603087,0.06217018336997285
2.4449339207048455,0.062259658699304686
2.442244224422442,0.062343004421265856
2.4395604395604393,0.062420395520920297
2.4368825466520305,0.062492086748907924
2.4342105263157894,0.06255841345500517
2.4315443592552026,0.06261979208817432
2.4288840262582054,0.06267672033104459
2.4262295081967213,0.06272977683558692
2.4235807860262004,0.06277962052804047
2.420937840785169,0.06282698945371641
2.418300653594771,0.06287269913380138
2.4156692056583244,0.06291764041084437
2.4130434782608696,0.06296277676155891
2.4104234527687294,0.06300914106266671
2.407809110629067,0.06305783179985464
2.405200433369447,0.06311000871366396
2.4025974025974026,0.06316688788820639
2.4,0.0632297362898064
2.397408207343412,0.06329986577455823
2.394822006472492,0.06337862658969892
2.3922413793103448,0.0634674004026418
2.3896663078579117,0.06356759289930952
2.387096774193548,0.06368062600127866
2.3845327604726103,0.06380792976049371
2.3819742489270386,0.06395093399313628
2.3794212218649515,0.06411105972766391
2.3768736616702357,0.06428971054063053
2.3743315508021388,0.06448826386178283
2.371794871794872,0.06470806233489834
2.3692636072572038,0.06495040531722446
2.366737739872068,0.06521654060822533
2.364217252396166,0.06550765649028385
2.361702127659574,0.06582487416711064
2.359192348565356,0.06616924067789381
2.356687898089172,0.06654172236250329
2.354188759278897,0.06694319894408823
2.351694915254237,0.06737445828893042
2.349206349206349,0.0678361918941148
2.346723044397463,0.06832899114277993
2.3442449841605066,0.06885334435771776
2.3417721518987342,0.06940963467188144
2.339304531085353,0.06999813872304994
2.3368421052631576,0.07061902617146365
2.334384858044164,0.07127236002385254
2.3319327731092434,0.07195809774219679
2.329485834207765,0.07267609310138264
2.3270440251572326,0.07342609875589627
2.3246073298429315,0.0742077694631821
2.3221757322175733,0.07502066590933866
2.31974921630094,0.07586425907448227
2.317327766179541,0.07673793507320942
2.3149113660062564,0.07764100040122769
2.3125,0.07857268751884486
2.3100936524453695,0.07953216070164494
2.3076923076923075,0.08051852208941766
2.305295950155763,0.08153081786540324
2.3029045643153525,0.08256804450316002
2.300518134715026,0.08362915501814308
2.2981366459627326,0.08471306516977313
2.2957600827300926,0.08581865956036573
2.293388429752066,0.086944797584864
2.291021671826625,0.08809031919014676
2.288659793814433,0.08925405040780027
2.286302780638517,0.09043480863000988
2.2839506172839505,0.09163140760347628
2.2816032887975335,0.0928426621220037
2.279260780287474,0.09406739240200657
2.276923076923077,0.09530442813225953
2.274590163934426,0.09655261219164002
2.272262026612078,0.09781080403234135
2.2699386503067482,0.09907788273201547
2.267620020429009,0.10035274971901882
2.2653061224489797,0.101634331178173
2.262996941896024,0.10292158014852763
2.2606924643584523,0.10421347832388088
2.2583926754832144,0.10550903757109815
2.2560975609756095,0.10680730117985426
2.253807106598985,0.1081073448615445
2.251521298174442,0.1094082775113084
2.2492401215805473,0.11070924175308752
2.246963562753036,0.11200941428202994
2.24469160768453,0.11330800602286886
2.242424242424242,0.11460426212014732
2.240161453077699,0.11589746177718725
2.2379032258064515,0.117186917958664
2.2356495468277946,0.11847197697248998
2.233400402414487,0.11975201794499046
2.2311557788944723,0.12102645220383831
2.228915662650602,0.12229472257999713
2.226680040120361,0.12355630264247619
2.224448897795591,0.12481069587452669
2.2222222222222223,0.1260574348053249
2.2199999999999998,0.12729608010216945
2.2177822177822177,0.12852621963505453
2.215568862275449,0.12974746752027194
2.2133599202392817,0.1309594631496838
2.2111553784860556,0.1321618702132512
2.2089552238805967,0.13335437571945977
2.20675944333996,0.13453668901854962
2.2045680238331675,0.13570854083395587
2.202380952380952,0.13686968230497998
2.2001982160555005,0.138019884044706
2.1980198019801978,0.13915893521478573
2.1958456973293767,0.1402866426210513
2.193675889328063,0.1414028298309974
2.191510365251727,0.14250733631541132
2.1893491124260356,0.14360001661421126
2.187192118226601,0.1446807395290454
2.1850393700787403,0.14574938734304557
2.182890855457227,0.1468058550673402
2.180746561886051,0.14785004971548124
2.1786064769381746,0.1488818896053506
2.176470588235294,0.14990130368972812
2.1743388834476005,0.15090823091390645
2.172211350293542,0.15190261959969273
2.1700879765395893,0.15288442685842787
2.16796875,0.1538536180274878
2.165853658536585,0.15481016613589638
2.1637426900584793,0.1557540513918139
2.1616358325219083,0.15668526069715125
2.159533073929961,0.1576037871842051
2.1574344023323615,0.1585096297758033
2.1553398058252426,0.15940279276881372
2.153249272550921,0.16028328543629403
2.1511627906976742,0.1611511216535186
2.149080348499516,0.16200631954183306
2.1470019342359765,0.16284890113187458
2.1449275362318843,0.16367889204571331
2.142857142857143,0.16449632119559832
2.1407907425265185,0.16530122049990692
2.138728323699422,0.16609362461468327
2.1366698748796917,0.16687357068214592
2.1346153846153846,0.16764109808957586
2.1325648414985587,0.16839624824709734
2.130518234165067,0.1691390643756266
2.128475551294343,0.16986959130673482
2.126436781609195,0.17058787529643274
2.124401913875598,0.1712939638492216
2.1223709369024855,0.1719879055529745
2.1203438395415475,0.17266974992321682
2.118320610687023,0.17333954725838044
2.1163012392755003,0.1739973485029064
2.1142857142857143,0.1746432051183917
2.1122740247383445,0.17527716896637419
2.1102661596958177,0.17589929219305303
2.108262108262108,0.1765096271263181
2.1062618595825424,0.1771082261779342
2.104265402843602,0.17769514174965184
2.102272727272727,0.1782704261503213
2.1002838221381266,0.17883413151303737
2.0982986767485823,0.17938630972331998
2.096317280453258,0.17992701234776234
2.094339622641509,0.1804562905697663
2.0923656927426952,0.1809741951296638
2.0903954802259888,0.18148077626840545
2.088428974600188,0.1819760836743805
2.0864661654135337,0.1824601664360716
2.084507042253521,0.1829330729975655
2.0825515947467164,0.18339485111476697
2.0805998125585754,0.18384554781860132
2.0786516853932584,0.18428520937974924
2.0767072029934517,0.18471388127136337
2.074766355140187,0.18513160814364488
2.0728291316526612,0.18553843379204651
2.0708955223880596,0.1859344011333781
2.068965517241379,0.18631955217758978
2.0670391061452515,0.18669392801266727
2.0651162790697675,0.18705756877734664
2.063197026022305,0.18741051364522024
2.0612813370473537,0.18775280080790302
2.059369202226345,0.18808446745795104
2.057460611677479,0.1884055497746555
2.0555555555555554,0.18871608291458228
2.053654024051804,0.1890161009908251
2.051756007393715,0.18930563707093245
2.0498614958448753,0.18958472316160774
2.047970479704797,0.1898533902028245
2.046082949308756,0.19011166805338148
2.044198895027624,0.19035958549418092
2.0423183072677094,0.19059717021098738
2.0404411764705883,0.19082444879201158
2.0385674931129474,0.19104144672608023
2.036697247706422,0.19124818838976956
2.0348304307974336,0.19144469705023942
2.032967032967033,0.19163099485871127
2.031107044830741,0.19180710284515406
2.029250457038391,0.19197304091787074
2.0273972602739723,0.1921288278579636
2.0255474452554743,0.19227448131962327
2.023701002734731,0.19241001782540793
2.021857923497268,0.1925354527662936
2.0200181983621475,0.19265080039480698
2.018181818181818,0.19275607383599483
2.016348773841962,0.1928512850726921
2.0145190562613426,0.1929364449459232
2.012692656391659,0.19301156316547596
2.010869565217391,0.19307664829276927
2.009049773755656,0.19313170775578717
2.0072332730560576,0.1931767478376776
2.005420054200542,0.19321177367992717
2.003610108303249,0.19323678927797697
2.0018034265103695,0.1932517975013305
2.0,0.05565162098387009
